Name,Slug,Collection ID,Locale ID,Item ID,Archived,Draft,Created On,Updated On,Published On,website,Logo,Order,Description
AIUC,artificial-intelligence-underwriting-company,681105346751a1f6081c9415,67e597860dad15f1edfb0101,68b88b1bdaf8173a33e06078,false,false,Wed Sep 03 2025 18:38:19 GMT+0000 (Coordinated Universal Time),Wed Sep 03 2025 18:41:37 GMT+0000 (Coordinated Universal Time),Fri Sep 26 2025 18:12:13 GMT+0000 (Coordinated Universal Time),https://aiuc.com/,https://cdn.prod.website-files.com/67e597860dad15f1edfb0109/68b88b34b430b9c62930f0d0_SAIF%20Company%20Logos%20(425%20x%20350%20px)%20(23).png,,AI Agent Certification & Insurance
AgentHub,agenthub,681105346751a1f6081c9415,67e597860dad15f1edfb0101,68dc1b1b69ed6f67362d18b3,false,false,Tue Sep 30 2025 18:02:03 GMT+0000 (Coordinated Universal Time),Tue Sep 30 2025 18:02:18 GMT+0000 (Coordinated Universal Time),Tue Sep 30 2025 19:49:24 GMT+0000 (Coordinated Universal Time),https://www.agenthublabs.com/,https://cdn.prod.website-files.com/67e597860dad15f1edfb0109/68dc1af78f966d2760c95bd0_SAIF%20Company%20Logos%20(425%20x%20350%20px)%20(27).png,,The Simulation and Evaluation Engine for AI Agents
Archia,archia,681105346751a1f6081c9415,67e597860dad15f1edfb0101,68656d605e028b1d8bf49046,false,false,Wed Jul 02 2025 17:33:20 GMT+0000 (Coordinated Universal Time),Wed Jul 02 2025 19:22:19 GMT+0000 (Coordinated Universal Time),Fri Jul 11 2025 20:38:45 GMT+0000 (Coordinated Universal Time),https://archia.io/,https://cdn.prod.website-files.com/67e597860dad15f1edfb0109/68656d86a720110b2c28ef4a_SAIF%20Company%20Logos%20(425%20x%20350%20px)%20(7).png,1,Trustworthy AI Agents
Astha AI,astha-ai,681105346751a1f6081c9415,67e597860dad15f1edfb0101,683dfed62a81a6b7961b1ae8,false,false,Mon Jun 02 2025 19:43:18 GMT+0000 (Coordinated Universal Time),Wed Jul 02 2025 19:27:55 GMT+0000 (Coordinated Universal Time),Wed Jul 02 2025 19:27:55 GMT+0000 (Coordinated Universal Time),https://www.astha.ai/,https://cdn.prod.website-files.com/67e597860dad15f1edfb0109/686588395fe2a9f8068a7d87_SAIF%20Company%20Logos%20(425%20x%20350%20px)%20(10).png,2,Zero-Trust Platform for AI Agents
CTGT,ctgt,681105346751a1f6081c9415,67e597860dad15f1edfb0101,683dffb6bad5f204d1f2548d,false,false,Mon Jun 02 2025 19:47:02 GMT+0000 (Coordinated Universal Time),Tue Jun 10 2025 21:57:59 GMT+0000 (Coordinated Universal Time),Tue Jun 10 2025 21:57:59 GMT+0000 (Coordinated Universal Time),https://www.ctgt.ai/,https://cdn.prod.website-files.com/67e597860dad15f1edfb0109/6847702498318fbfcbe21aec_SAIF%20Company%20Logos%20(425%20x%20350%20px)%20(1).png,4,Enterprise AI Risk Management & Performance Platform
Chimera Cybersecurity,chimera-cybersecurity,681105346751a1f6081c9415,67e597860dad15f1edfb0101,683dff8ea372b3c571e7cadf,false,false,Mon Jun 02 2025 19:46:22 GMT+0000 (Coordinated Universal Time),Tue Jun 10 2025 18:31:29 GMT+0000 (Coordinated Universal Time),Tue Jun 10 2025 18:32:28 GMT+0000 (Coordinated Universal Time),https://www.chimerasec.com/,https://cdn.prod.website-files.com/67e597860dad15f1edfb0109/684770a39d775acd861c35c4_6.png,3,Advanced Cybersecurity on Premise
Confident Security,confident-security,681105346751a1f6081c9415,67e597860dad15f1edfb0101,68b62a7c20065e0b63d17074,false,false,Mon Sep 01 2025 23:21:32 GMT+0000 (Coordinated Universal Time),Mon Sep 01 2025 23:22:31 GMT+0000 (Coordinated Universal Time),Mon Sep 01 2025 23:23:11 GMT+0000 (Coordinated Universal Time),https://confident.security/,https://cdn.prod.website-files.com/67e597860dad15f1edfb0109/68b62a952c1aef26b2275db6_SAIF%20Company%20Logos%20(425%20x%20350%20px)%20(21).png,5,Provably-Private AI Inference Platform
DeepResponse,deepresponse,681105346751a1f6081c9415,67e597860dad15f1edfb0101,681105b70980d39a2ac55524,false,false,Tue Apr 29 2025 17:00:39 GMT+0000 (Coordinated Universal Time),Tue Aug 26 2025 01:42:56 GMT+0000 (Coordinated Universal Time),Mon Sep 01 2025 23:23:11 GMT+0000 (Coordinated Universal Time),https://deepresponse.com,https://cdn.prod.website-files.com/67e597860dad15f1edfb0109/6893b887a1ba24e250a37ca7_SAIF%20Company%20Logos%20(425%20x%20350%20px)%20(17).png,5,Detection and Response for the AGI era
Freestyle Research,freestyle-research,681105346751a1f6081c9415,67e597860dad15f1edfb0101,683dffdbca67a32a17ebab5a,false,false,Mon Jun 02 2025 19:47:39 GMT+0000 (Coordinated Universal Time),Fri Sep 12 2025 16:05:38 GMT+0000 (Coordinated Universal Time),Fri Sep 26 2025 18:12:13 GMT+0000 (Coordinated Universal Time),,https://cdn.prod.website-files.com/67e597860dad15f1edfb0109/6850b0f4be8f01d88f4cd4a1_SAIF%20Company%20Logos%20(425%20x%20350%20px)%20(5).png,6,Developing the First Fully Interpretable Robotic Foundation Model
Futuresearch,futuresearch,681105346751a1f6081c9415,67e597860dad15f1edfb0101,683dff5392739f0f620e2c1e,false,false,Mon Jun 02 2025 19:45:23 GMT+0000 (Coordinated Universal Time),Wed Jun 11 2025 01:37:37 GMT+0000 (Coordinated Universal Time),Wed Jun 11 2025 01:37:37 GMT+0000 (Coordinated Universal Time),https://futuresearch.ai/,https://cdn.prod.website-files.com/67e597860dad15f1edfb0109/684770b0998a3fd4e40afa50_5.png,7,AI Forecasting
Goodfire,goodfire,681105346751a1f6081c9415,67e597860dad15f1edfb0101,68b6062f08c6b969b0f786c5,false,false,Mon Sep 01 2025 20:46:39 GMT+0000 (Coordinated Universal Time),Mon Sep 01 2025 20:48:36 GMT+0000 (Coordinated Universal Time),Mon Sep 01 2025 23:23:11 GMT+0000 (Coordinated Universal Time),https://www.goodfire.ai/,https://cdn.prod.website-files.com/67e597860dad15f1edfb0109/68b606438c1c4a46eea3646a_SAIF%20Company%20Logos%20(425%20x%20350%20px)%20(20).png,7,AI Interpretability Research
Halcyon,halcyon,681105346751a1f6081c9415,67e597860dad15f1edfb0101,684878a8ce5294fdf1ae0010,false,false,Tue Jun 10 2025 18:25:44 GMT+0000 (Coordinated Universal Time),Thu Sep 25 2025 00:00:13 GMT+0000 (Coordinated Universal Time),Fri Sep 26 2025 18:12:13 GMT+0000 (Coordinated Universal Time),https://halcyonfutures.org/,https://cdn.prod.website-files.com/67e597860dad15f1edfb0109/684878f5b4d85cd726e5676b_SAIF%20Company%20Logos%20(425%20x%20350%20px)%20(3).png,8,
Juniper Ventures,juniper-ventures,681105346751a1f6081c9415,67e597860dad15f1edfb0101,68a4ab3e7f668c04cc147e34,false,false,Tue Aug 19 2025 16:50:06 GMT+0000 (Coordinated Universal Time),Tue Aug 19 2025 16:52:16 GMT+0000 (Coordinated Universal Time),Mon Sep 01 2025 23:23:11 GMT+0000 (Coordinated Universal Time),https://juniperventures.xyz/,https://cdn.prod.website-files.com/67e597860dad15f1edfb0109/68a4ab79ed558c8b7050a90e_SAIF%20Company%20Logos%20(425%20x%20350%20px)%20(19).png,8,Investing in AI Assurance
Locunity,locunity,681105346751a1f6081c9415,67e597860dad15f1edfb0101,691bbc68ea5df85d69b5e773,false,false,Tue Nov 18 2025 00:23:04 GMT+0000 (Coordinated Universal Time),Tue Nov 18 2025 00:23:05 GMT+0000 (Coordinated Universal Time),Tue Dec 23 2025 21:23:31 GMT+0000 (Coordinated Universal Time),https://www.locunity.com/,https://cdn.prod.website-files.com/67e597860dad15f1edfb0109/691bbc5684c85a19e8780a69_SAIF%20Company%20Logos%20(425%20x%20350%20px)%20(28).png,,Civic Infrastructure for Communities Everywhere
Lucid Computing,lucid-computing,681105346751a1f6081c9415,67e597860dad15f1edfb0101,683dfff0dce6eb76f138ef5c,false,false,Mon Jun 02 2025 19:48:00 GMT+0000 (Coordinated Universal Time),Tue Jun 10 2025 18:31:08 GMT+0000 (Coordinated Universal Time),Tue Jun 10 2025 18:32:28 GMT+0000 (Coordinated Universal Time),https://lucidcomputing.ai/,https://cdn.prod.website-files.com/67e597860dad15f1edfb0109/68476fe0b7241fbb059b8a52_SAIF%20Company%20Logos%20(425%20x%20350%20px).png,10,Secure & Compliant Global AI Deployment
Mission Control AI PBC,mission-control-ai-pbc,681105346751a1f6081c9415,67e597860dad15f1edfb0101,68c1ed64aff6c7400e112cff,false,false,Wed Sep 10 2025 21:28:04 GMT+0000 (Coordinated Universal Time),Wed Sep 10 2025 21:28:23 GMT+0000 (Coordinated Universal Time),Fri Sep 26 2025 18:12:13 GMT+0000 (Coordinated Universal Time),https://www.usemissioncontrol.com/,https://cdn.prod.website-files.com/67e597860dad15f1edfb0109/68c1ed3f9a76f47c3cba7a10_SAIF%20Company%20Logos%20(425%20x%20350%20px)%20(24).png,,"Define, run, and govern synthetic workers."
NewsGuard,newsguard,681105346751a1f6081c9415,67e597860dad15f1edfb0101,6854355fcb23596119a680eb,false,false,Thu Jun 19 2025 16:05:51 GMT+0000 (Coordinated Universal Time),Fri Jul 11 2025 20:40:29 GMT+0000 (Coordinated Universal Time),Fri Jul 11 2025 20:41:54 GMT+0000 (Coordinated Universal Time),https://www.newsguardtech.com/,https://cdn.prod.website-files.com/67e597860dad15f1edfb0109/685435afa1ec5f391f143379_SAIF%20Company%20Logos%20(425%20x%20350%20px)%20(6).png,11,Global Leader in Information Reliability
Opennote,open-note,681105346751a1f6081c9415,67e597860dad15f1edfb0101,68b62afb2c1aef26b2276aa7,false,false,Mon Sep 01 2025 23:23:39 GMT+0000 (Coordinated Universal Time),Mon Sep 01 2025 23:28:54 GMT+0000 (Coordinated Universal Time),Fri Sep 26 2025 18:12:13 GMT+0000 (Coordinated Universal Time),https://www.opennote.com/,https://cdn.prod.website-files.com/67e597860dad15f1edfb0109/68b62b2552b78aa1c57b6c4a_SAIF%20Company%20Logos%20(425%20x%20350%20px)%20(22).png,,AI-Native Notetaking for Learners
SureMark Digital,suremark-digital,681105346751a1f6081c9415,67e597860dad15f1edfb0101,6883f8791e997ce8e8e0ca84,false,false,Fri Jul 25 2025 21:34:49 GMT+0000 (Coordinated Universal Time),Thu Sep 11 2025 15:28:37 GMT+0000 (Coordinated Universal Time),Fri Sep 26 2025 18:12:13 GMT+0000 (Coordinated Universal Time),https://www.suremark.digital/,https://cdn.prod.website-files.com/67e597860dad15f1edfb0109/68c2eaa375d8b0605ff6ee55_SAIF%20Company%20Logos%20(425%20x%20350%20px)%20(25).png,12,Identity-Based Deepfake Protection
The LLM Data Company,the-llm-data-company,681105346751a1f6081c9415,67e597860dad15f1edfb0101,687175d3890929c7c4cdc1d7,false,false,Fri Jul 11 2025 20:36:35 GMT+0000 (Coordinated Universal Time),Fri Jul 11 2025 20:40:16 GMT+0000 (Coordinated Universal Time),Fri Jul 11 2025 20:41:54 GMT+0000 (Coordinated Universal Time),https://www.thellmdatacompany.com/,https://cdn.prod.website-files.com/67e597860dad15f1edfb0109/687175ee3ee82b412c285eb3_SAIF%20Company%20Logos%20(425%20x%20350%20px)%20(15).png,12,Tooling for models and agents.
Theorem,theorem,681105346751a1f6081c9415,67e597860dad15f1edfb0101,687173f123d0ba5a08a5e812,false,true,Fri Jul 11 2025 20:28:33 GMT+0000 (Coordinated Universal Time),Fri Sep 12 2025 16:06:41 GMT+0000 (Coordinated Universal Time),Fri Jul 11 2025 20:41:54 GMT+0000 (Coordinated Universal Time),https://theoremlabs.com/,https://cdn.prod.website-files.com/67e597860dad15f1edfb0109/687175666676761b5d3f23bf_SAIF%20Company%20Logos%20(425%20x%20350%20px)%20(14).png,13,Program verification so even your systems engineers can vibecode
Ulyssean,ulyssean,681105346751a1f6081c9415,67e597860dad15f1edfb0101,6811057ca306596aa15f3540,false,false,Tue Apr 29 2025 16:59:40 GMT+0000 (Coordinated Universal Time),Fri Jul 11 2025 20:40:53 GMT+0000 (Coordinated Universal Time),Fri Jul 11 2025 20:41:54 GMT+0000 (Coordinated Universal Time),https://ulyssean.com/,https://cdn.prod.website-files.com/67e597860dad15f1edfb0109/684770bf6e9b9626bf9a0123_1.png,14,
